"rel_time_event","event_prob","strata"
0,0.311212814645309,"7"
0.1417,0.31350114416476,"7"
0.152,0.315789473684211,"7"
0.177,0.318077803203661,"7"
0.1814,0.320366132723112,"7"
0.186,0.322654462242563,"7"
0.2142,0.324942791762014,"7"
0.2211,0.327231121281464,"7"
0.2215,0.329519450800915,"7"
0.2361,0.331807780320366,"7"
0.2396,0.334096109839817,"7"
0.2454,0.336384439359268,"7"
0.2621,0.338672768878718,"7"
0.2739,0.340961098398169,"7"
0.2762,0.34324942791762,"7"
0.2864,0.345537757437071,"7"
0.2877,0.347826086956522,"7"
0.2915,0.350114416475972,"7"
0.2933,0.352402745995423,"7"
0.3117,0.354691075514874,"7"
0.3131,0.356979405034325,"7"
0.3173,0.359267734553776,"7"
0.3207,0.361556064073226,"7"
0.321,0.363844393592677,"7"
0.3231,0.366132723112128,"7"
0.3255,0.368421052631579,"7"
0.3277,0.37070938215103,"7"
0.3437,0.37299771167048,"7"
0.3444,0.375286041189931,"7"
0.3522,0.377574370709382,"7"
0.3612,0.379862700228833,"7"
0.3667,0.382151029748284,"7"
0.3671,0.384439359267734,"7"
0.3682,0.386727688787185,"7"
0.3738,0.389016018306636,"7"
0.375,0.391304347826087,"7"
0.3788,0.393592677345537,"7"
0.3814,0.395881006864988,"7"
0.3872,0.398169336384439,"7"
0.3881,0.40045766590389,"7"
0.3894,0.402745995423341,"7"
0.3959,0.405034324942791,"7"
0.3976,0.407322654462242,"7"
0.4039,0.409610983981693,"7"
0.405,0.411899313501144,"7"
0.4057,0.414187643020595,"7"
0.4065,0.416475972540045,"7"
0.4067,0.418764302059496,"7"
0.4069,0.421052631578947,"7"
0.4085,0.423340961098398,"7"
0.4117,0.425629290617849,"7"
0.4305,0.427917620137299,"7"
0.4322,0.43020594965675,"7"
0.4331,0.432494279176201,"7"
0.4341,0.434782608695652,"7"
0.4352,0.437070938215103,"7"
0.4402,0.439359267734553,"7"
0.4503,0.441647597254004,"7"
0.4545,0.443935926773455,"7"
0.4559,0.446224256292906,"7"
0.4565,0.448512585812357,"7"
0.4602,0.450800915331807,"7"
0.4724,0.453089244851258,"7"
0.4761,0.455377574370709,"7"
0.4811,0.45766590389016,"7"
0.4832,0.459954233409611,"7"
0.4851,0.462242562929061,"7"
0.4893,0.466819221967963,"7"
0.4909,0.469107551487414,"7"
0.4917,0.471395881006864,"7"
0.4932,0.473684210526315,"7"
0.4934,0.475972540045766,"7"
0.4948,0.478260869565217,"7"
0.4963,0.480549199084668,"7"
0.4985,0.482837528604118,"7"
0.5012,0.485125858123569,"7"
0.5022,0.48741418764302,"7"
0.5071,0.489702517162471,"7"
0.5079,0.491990846681922,"7"
0.5088,0.494279176201372,"7"
0.5089,0.496567505720823,"7"
0.5115,0.498855835240274,"7"
0.5145,0.501144164759725,"7"
0.5219,0.503432494279176,"7"
0.5229,0.505720823798626,"7"
0.5232,0.508009153318077,"7"
0.5233,0.510297482837528,"7"
0.525,0.512585812356979,"7"
0.5265,0.51487414187643,"7"
0.5284,0.51716247139588,"7"
0.5296,0.519450800915331,"7"
0.5365,0.521739130434782,"7"
0.5387,0.524027459954233,"7"
0.544,0.526315789473684,"7"
0.5504,0.528604118993135,"7"
0.5505,0.530892448512585,"7"
0.5596,0.533180778032036,"7"
0.5598,0.535469107551487,"7"
0.5639,0.537757437070938,"7"
0.5648,0.540045766590388,"7"
0.568,0.542334096109839,"7"
0.5689,0.54462242562929,"7"
0.569,0.546910755148741,"7"
0.5712,0.549199084668192,"7"
0.5714,0.551487414187642,"7"
0.5732,0.553775743707093,"7"
0.5758,0.556064073226544,"7"
0.5766,0.558352402745995,"7"
0.5789,0.560640732265446,"7"
0.5799,0.562929061784896,"7"
0.5833,0.565217391304347,"7"
0.5837,0.567505720823798,"7"
0.5842,0.569794050343249,"7"
0.5859,0.5720823798627,"7"
0.5884,0.57437070938215,"7"
0.5904,0.576659038901601,"7"
0.5906,0.578947368421052,"7"
0.5922,0.581235697940503,"7"
0.5934,0.583524027459954,"7"
0.5939,0.585812356979404,"7"
0.5959,0.588100686498855,"7"
0.596,0.590389016018306,"7"
0.5981,0.592677345537757,"7"
0.5987,0.594965675057208,"7"
0.5993,0.597254004576658,"7"
0.6008,0.599542334096109,"7"
0.6026,0.60183066361556,"7"
0.6027,0.604118993135011,"7"
0.6037,0.606407322654462,"7"
0.6048,0.608695652173913,"7"
0.6064,0.610983981693363,"7"
0.6094,0.613272311212814,"7"
0.6106,0.615560640732265,"7"
0.6162,0.617848970251716,"7"
0.6164,0.620137299771167,"7"
0.6171,0.622425629290617,"7"
0.6183,0.624713958810068,"7"
0.6248,0.627002288329519,"7"
0.6318,0.62929061784897,"7"
0.6329,0.631578947368421,"7"
0.6355,0.633867276887871,"7"
0.6404,0.636155606407322,"7"
0.6411,0.638443935926773,"7"
0.6449,0.640732265446224,"7"
0.6474,0.643020594965675,"7"
0.6479,0.645308924485125,"7"
0.6484,0.647597254004576,"7"
0.6494,0.649885583524027,"7"
0.6501,0.652173913043478,"7"
0.6519,0.654462242562929,"7"
0.6554,0.656750572082379,"7"
0.6579,0.65903890160183,"7"
0.6603,0.661327231121281,"7"
0.6643,0.663615560640732,"7"
0.6647,0.665903890160182,"7"
0.665,0.668192219679633,"7"
0.6652,0.670480549199084,"7"
0.6679,0.672768878718535,"7"
0.6701,0.675057208237986,"7"
0.6712,0.677345537757436,"7"
0.6724,0.679633867276887,"7"
0.6734,0.681922196796338,"7"
0.6745,0.684210526315789,"7"
0.6746,0.68649885583524,"7"
0.6773,0.68878718535469,"7"
0.6779,0.691075514874141,"7"
0.6783,0.693363844393592,"7"
0.6785,0.695652173913043,"7"
0.6821,0.697940503432494,"7"
0.6852,0.700228832951944,"7"
0.6875,0.702517162471395,"7"
0.6889,0.704805491990846,"7"
0.7034,0.707093821510297,"7"
0.7068,0.709382151029748,"7"
0.7107,0.711670480549198,"7"
0.7135,0.713958810068649,"7"
0.7138,0.718535469107551,"7"
0.7147,0.720823798627002,"7"
0.7211,0.723112128146452,"7"
0.7212,0.725400457665903,"7"
0.7246,0.727688787185354,"7"
0.7248,0.729977116704805,"7"
0.7265,0.732265446224256,"7"
0.7335,0.734553775743706,"7"
0.7345,0.736842105263157,"7"
0.7372,0.739130434782608,"7"
0.7381,0.741418764302059,"7"
0.7419,0.74370709382151,"7"
0.7424,0.74599542334096,"7"
0.7432,0.748283752860411,"7"
0.7459,0.750572082379862,"7"
0.7464,0.752860411899313,"7"
0.7508,0.757437070938214,"7"
0.7534,0.759725400457665,"7"
0.7539,0.762013729977116,"7"
0.7543,0.766590389016018,"7"
0.7546,0.768878718535468,"7"
0.7563,0.771167048054919,"7"
0.7595,0.77345537757437,"7"
0.7667,0.775743707093821,"7"
0.7674,0.778032036613272,"7"
0.7679,0.780320366132722,"7"
0.7739,0.782608695652173,"7"
0.7743,0.784897025171624,"7"
0.7745,0.787185354691075,"7"
0.7758,0.789473684210526,"7"
0.7775,0.791762013729976,"7"
0.7786,0.794050343249427,"7"
0.7791,0.796338672768878,"7"
0.7837,0.798627002288329,"7"
0.795,0.80091533180778,"7"
0.799,0.80320366132723,"7"
0.8007,0.805491990846681,"7"
0.8009,0.807780320366132,"7"
0.8033,0.810068649885583,"7"
0.8093,0.812356979405034,"7"
0.811,0.814645308924485,"7"
0.8114,0.816933638443935,"7"
0.8158,0.819221967963386,"7"
0.8204,0.821510297482837,"7"
0.8263,0.823798627002288,"7"
0.8302,0.826086956521739,"7"
0.8347,0.828375286041189,"7"
0.8358,0.83066361556064,"7"
0.8388,0.832951945080091,"7"
0.8421,0.835240274599542,"7"
0.8432,0.837528604118993,"7"
0.845,0.839816933638443,"7"
0.8483,0.842105263157894,"7"
0.8502,0.844393592677345,"7"
0.8504,0.846681922196796,"7"
0.8527,0.848970251716247,"7"
0.8545,0.851258581235697,"7"
0.855,0.853546910755148,"7"
0.8596,0.855835240274599,"7"
0.8616,0.85812356979405,"7"
0.8627,0.860411899313501,"7"
0.8629,0.862700228832951,"7"
0.8675,0.864988558352402,"7"
0.8676,0.867276887871853,"7"
0.8717,0.869565217391304,"7"
0.9006,0.871853546910755,"7"
0.9044,0.874141876430206,"7"
0.9102,0.876430205949656,"7"
0.9134,0.878718535469107,"7"
0.9197,0.881006864988558,"7"
0.9326,0.883295194508009,"7"
0.9351,0.88558352402746,"7"
0.9398,0.88787185354691,"7"
0.9409,0.890160183066361,"7"
0.9493,0.892448512585812,"7"
0.956,0.894736842105263,"7"
0.9707,0.897025171624714,"7"
0.9828,0.901601830663615,"7"
0.9835,0.903890160183066,"7"
0.9847,0.906178489702517,"7"
1,1,"7"
0,0.351351351351351,"14"
0.0568,0.356756756756757,"14"
0.0745,0.362162162162162,"14"
0.0807,0.367567567567567,"14"
0.0831,0.372972972972973,"14"
0.0853999999999999,0.383783783783784,"14"
0.1079,0.389189189189189,"14"
0.1266,0.394594594594594,"14"
0.1267,0.4,"14"
0.128,0.405405405405405,"14"
0.1293,0.410810810810811,"14"
0.1304,0.416216216216216,"14"
0.1356,0.421621621621621,"14"
0.1371,0.427027027027027,"14"
0.1389,0.432432432432432,"14"
0.1405,0.437837837837838,"14"
0.1437,0.443243243243243,"14"
0.1457,0.448648648648648,"14"
0.1534,0.454054054054054,"14"
0.1559,0.459459459459459,"14"
0.1595,0.47027027027027,"14"
0.1658,0.475675675675675,"14"
0.1844,0.481081081081081,"14"
0.1916,0.486486486486486,"14"
0.2027,0.491891891891892,"14"
0.2153,0.497297297297297,"14"
0.2163,0.502702702702702,"14"
0.2172,0.508108108108108,"14"
0.219,0.513513513513513,"14"
0.2198,0.518918918918919,"14"
0.2244,0.524324324324324,"14"
0.2262,0.529729729729729,"14"
0.227,0.535135135135135,"14"
0.2294,0.54054054054054,"14"
0.234,0.545945945945946,"14"
0.2376,0.551351351351351,"14"
0.2389,0.556756756756756,"14"
0.2409,0.562162162162162,"14"
0.2421,0.567567567567567,"14"
0.2487,0.572972972972973,"14"
0.2489,0.578378378378378,"14"
0.2553,0.583783783783783,"14"
0.2554,0.589189189189189,"14"
0.2584,0.594594594594594,"14"
0.2608,0.6,"14"
0.263,0.605405405405405,"14"
0.2652,0.610810810810811,"14"
0.2757,0.616216216216216,"14"
0.2826,0.621621621621621,"14"
0.2859,0.627027027027027,"14"
0.2911,0.632432432432432,"14"
0.2974,0.637837837837838,"14"
0.3034,0.643243243243243,"14"
0.3157,0.648648648648648,"14"
0.3206,0.654054054054054,"14"
0.3234,0.659459459459459,"14"
0.3295,0.664864864864865,"14"
0.3303,0.67027027027027,"14"
0.3322,0.675675675675675,"14"
0.3348,0.681081081081081,"14"
0.3396,0.686486486486486,"14"
0.3411,0.691891891891892,"14"
0.3481,0.697297297297297,"14"
0.3499,0.702702702702702,"14"
0.3686,0.708108108108108,"14"
0.3711,0.713513513513513,"14"
0.3776,0.718918918918919,"14"
0.3932,0.724324324324324,"14"
0.4027,0.729729729729729,"14"
0.4119,0.735135135135135,"14"
0.4161,0.74054054054054,"14"
0.4194,0.745945945945946,"14"
0.4404,0.751351351351351,"14"
0.4476,0.756756756756756,"14"
0.4784,0.762162162162162,"14"
0.486,0.767567567567567,"14"
0.495,0.772972972972973,"14"
0.5038,0.778378378378378,"14"
0.5138,0.783783783783784,"14"
0.5173,0.789189189189189,"14"
0.5174,0.794594594594594,"14"
0.5224,0.8,"14"
0.5253,0.805405405405405,"14"
0.5283,0.810810810810811,"14"
0.5335,0.816216216216216,"14"
0.5372,0.821621621621621,"14"
0.5409,0.827027027027027,"14"
0.545,0.832432432432432,"14"
0.5469,0.837837837837838,"14"
0.5472,0.843243243243243,"14"
0.5679,0.848648648648648,"14"
0.5694,0.854054054054054,"14"
0.5696,0.859459459459459,"14"
0.571,0.864864864864865,"14"
0.5801,0.87027027027027,"14"
0.5992,0.875675675675676,"14"
0.604,0.881081081081081,"14"
0.6357,0.886486486486486,"14"
0.6556,0.891891891891892,"14"
0.6593,0.897297297297297,"14"
0.6945,0.902702702702703,"14"
0.7219,0.908108108108108,"14"
0.7312,0.913513513513513,"14"
0.7561,0.918918918918919,"14"
0.7717,0.924324324324324,"14"
0.8006,0.92972972972973,"14"
0.809,0.935135135135135,"14"
0.813,0.94054054054054,"14"
0.8401,0.945945945945946,"14"
0.8409,0.951351351351351,"14"
0.8599,0.956756756756757,"14"
0.8681,0.962162162162162,"14"
0.8742,0.967567567567568,"14"
0.8822,0.972972972972973,"14"
0.8915,0.978378378378378,"14"
0.9156,0.983783783783784,"14"
0.9265,0.989189189189189,"14"
0.9374,0.994594594594595,"14"
0.9639,1,"14"
0,0.4,"21"
0.0204,0.407407407407407,"21"
0.0495,0.414814814814815,"21"
0.0557,0.422222222222222,"21"
0.0560999999999999,0.42962962962963,"21"
0.0593999999999999,0.437037037037037,"21"
0.0626,0.444444444444445,"21"
0.0649,0.451851851851852,"21"
0.0906,0.459259259259259,"21"
0.0931,0.466666666666667,"21"
0.0938,0.474074074074074,"21"
0.1143,0.481481481481482,"21"
0.1156,0.488888888888889,"21"
0.1188,0.496296296296296,"21"
0.1192,0.503703703703704,"21"
0.1231,0.511111111111111,"21"
0.1236,0.518518518518519,"21"
0.1277,0.525925925925926,"21"
0.1297,0.533333333333333,"21"
0.1357,0.540740740740741,"21"
0.1401,0.548148148148148,"21"
0.1406,0.555555555555556,"21"
0.1429,0.562962962962963,"21"
0.1438,0.57037037037037,"21"
0.1463,0.577777777777778,"21"
0.163,0.585185185185185,"21"
0.1737,0.592592592592593,"21"
0.1779,0.6,"21"
0.179,0.614814814814815,"21"
0.1814,0.622222222222222,"21"
0.1833,0.62962962962963,"21"
0.1898,0.637037037037037,"21"
0.1906,0.644444444444445,"21"
0.1957,0.651851851851852,"21"
0.1974,0.659259259259259,"21"
0.1976,0.666666666666667,"21"
0.2001,0.674074074074074,"21"
0.2078,0.681481481481482,"21"
0.2079,0.688888888888889,"21"
0.2103,0.696296296296297,"21"
0.2174,0.703703703703704,"21"
0.2177,0.711111111111111,"21"
0.2201,0.718518518518519,"21"
0.2216,0.725925925925926,"21"
0.2395,0.733333333333334,"21"
0.2409,0.740740740740741,"21"
0.2521,0.748148148148148,"21"
0.2551,0.755555555555556,"21"
0.2606,0.762962962962963,"21"
0.2612,0.770370370370371,"21"
0.2684,0.777777777777778,"21"
0.2729,0.785185185185185,"21"
0.2873,0.792592592592593,"21"
0.3059,0.8,"21"
0.3278,0.807407407407408,"21"
0.3316,0.814814814814815,"21"
0.332,0.822222222222222,"21"
0.3382,0.82962962962963,"21"
0.3417,0.837037037037037,"21"
0.3423,0.844444444444445,"21"
0.3563,0.851851851851852,"21"
0.3653,0.859259259259259,"21"
0.374,0.866666666666667,"21"
0.3749,0.874074074074074,"21"
0.3759,0.881481481481482,"21"
0.4065,0.888888888888889,"21"
0.4081,0.896296296296296,"21"
0.4245,0.903703703703704,"21"
0.4914,0.911111111111111,"21"
0.5003,0.918518518518519,"21"
0.5186,0.925925925925926,"21"
0.5666,0.933333333333333,"21"
0.602,0.940740740740741,"21"
0.6142,0.948148148148148,"21"
0.6205,0.955555555555556,"21"
0.6772,0.962962962962963,"21"
0.7298,0.97037037037037,"21"
0.9063,0.977777777777778,"21"
0.9241,0.985185185185185,"21"
0.9296,0.992592592592593,"21"
0.9398,1,"21"
0,0.595744680851064,"30"
0.0430999999999999,0.606382978723404,"30"
0.0539999999999999,0.617021276595745,"30"
0.0541999999999999,0.627659574468085,"30"
0.0808,0.638297872340426,"30"
0.0841999999999999,0.648936170212766,"30"
0.1076,0.659574468085106,"30"
0.1198,0.670212765957447,"30"
0.121,0.680851063829787,"30"
0.1235,0.691489361702128,"30"
0.13,0.702127659574468,"30"
0.1331,0.712765957446809,"30"
0.1344,0.723404255319149,"30"
0.1348,0.734042553191489,"30"
0.1469,0.74468085106383,"30"
0.1555,0.75531914893617,"30"
0.174,0.765957446808511,"30"
0.1885,0.776595744680851,"30"
0.2497,0.787234042553192,"30"
0.2535,0.797872340425532,"30"
0.2536,0.808510638297872,"30"
0.3355,0.819148936170213,"30"
0.3378,0.829787234042553,"30"
0.3484,0.840425531914894,"30"
0.3808,0.851063829787234,"30"
0.3946,0.861702127659574,"30"
0.3965,0.872340425531915,"30"
0.4061,0.882978723404255,"30"
0.4329,0.893617021276596,"30"
0.4407,0.904255319148936,"30"
0.4622,0.914893617021277,"30"
0.4653,0.925531914893617,"30"
0.4975,0.936170212765957,"30"
0.5028,0.946808510638298,"30"
0.6124,0.957446808510638,"30"
0.9297,0.968085106382979,"30"
0.9445,0.978723404255319,"30"
0.9614,0.98936170212766,"30"
0.9776,1,"30"
0,0.690355329949239,"90"
0.0154,0.692893401015228,"90"
0.0167,0.695431472081218,"90"
0.0177,0.697969543147208,"90"
0.0208,0.700507614213198,"90"
0.0227000000000001,0.703045685279188,"90"
0.026,0.705583756345178,"90"
0.0277000000000001,0.708121827411168,"90"
0.0294,0.710659898477157,"90"
0.03,0.713197969543147,"90"
0.0325000000000001,0.715736040609137,"90"
0.0435,0.718274111675127,"90"
0.0476,0.720812182741117,"90"
0.0531999999999999,0.723350253807107,"90"
0.0539999999999999,0.725888324873097,"90"
0.0605,0.728426395939086,"90"
0.0651999999999999,0.730964467005076,"90"
0.0662999999999999,0.733502538071066,"90"
0.0706,0.736040609137056,"90"
0.073,0.738578680203046,"90"
0.0733999999999999,0.741116751269036,"90"
0.076,0.743654822335026,"90"
0.0783999999999999,0.746192893401015,"90"
0.0795,0.748730964467005,"90"
0.0819,0.751269035532995,"90"
0.0848,0.753807106598985,"90"
0.0859,0.756345177664975,"90"
0.0875,0.758883248730965,"90"
0.0876,0.761421319796954,"90"
0.0888,0.763959390862944,"90"
0.0895,0.766497461928934,"90"
0.0995,0.769035532994924,"90"
0.101,0.771573604060914,"90"
0.1021,0.774111675126904,"90"
0.1022,0.776649746192894,"90"
0.1027,0.779187817258883,"90"
0.1051,0.781725888324873,"90"
0.1141,0.784263959390863,"90"
0.1178,0.786802030456853,"90"
0.1187,0.789340101522843,"90"
0.1198,0.791878172588833,"90"
0.1258,0.794416243654822,"90"
0.1289,0.796954314720812,"90"
0.1343,0.799492385786802,"90"
0.1348,0.802030456852792,"90"
0.1382,0.804568527918782,"90"
0.1419,0.807106598984772,"90"
0.1441,0.809644670050761,"90"
0.147,0.812182741116751,"90"
0.1598,0.814720812182741,"90"
0.1687,0.817258883248731,"90"
0.1697,0.819796954314721,"90"
0.1702,0.822335025380711,"90"
0.1724,0.824873096446701,"90"
0.1775,0.82741116751269,"90"
0.1856,0.82994923857868,"90"
0.1861,0.83248730964467,"90"
0.1923,0.83502538071066,"90"
0.1933,0.83756345177665,"90"
0.1981,0.84010152284264,"90"
0.2014,0.84263959390863,"90"
0.2087,0.845177664974619,"90"
0.2148,0.847715736040609,"90"
0.2188,0.850253807106599,"90"
0.2217,0.852791878172589,"90"
0.2233,0.855329949238579,"90"
0.225,0.857868020304569,"90"
0.229,0.860406091370558,"90"
0.2298,0.862944162436548,"90"
0.2346,0.865482233502538,"90"
0.2397,0.868020304568528,"90"
0.2461,0.870558375634518,"90"
0.2624,0.873096446700508,"90"
0.2684,0.875634517766498,"90"
0.2723,0.878172588832487,"90"
0.2826,0.880710659898477,"90"
0.2877,0.883248730964467,"90"
0.2901,0.885786802030457,"90"
0.2961,0.888324873096447,"90"
0.308,0.890862944162437,"90"
0.3141,0.893401015228427,"90"
0.319,0.895939086294416,"90"
0.3208,0.898477157360406,"90"
0.3244,0.901015228426396,"90"
0.3283,0.903553299492386,"90"
0.3298,0.906091370558376,"90"
0.3309,0.908629441624366,"90"
0.3315,0.911167512690355,"90"
0.3328,0.913705583756345,"90"
0.3402,0.916243654822335,"90"
0.3413,0.918781725888325,"90"
0.3511,0.921319796954315,"90"
0.355,0.923857868020305,"90"
0.3689,0.926395939086294,"90"
0.3803,0.928934010152284,"90"
0.3815,0.931472081218274,"90"
0.3839,0.934010152284264,"90"
0.3885,0.936548223350254,"90"
0.3945,0.939086294416244,"90"
0.3971,0.941624365482233,"90"
0.4022,0.944162436548223,"90"
0.4105,0.946700507614213,"90"
0.4296,0.949238578680203,"90"
0.4452,0.951776649746193,"90"
0.4462,0.954314720812183,"90"
0.4539,0.956852791878173,"90"
0.5458,0.959390862944162,"90"
0.5543,0.961928934010152,"90"
0.5646,0.964467005076142,"90"
0.5692,0.967005076142132,"90"
0.6057,0.969543147208122,"90"
0.6348,0.972081218274112,"90"
0.6399,0.974619289340102,"90"
0.7491,0.977157360406091,"90"
0.7562,0.979695431472081,"90"
0.7613,0.982233502538071,"90"
0.7628,0.984771573604061,"90"
0.8087,0.987309644670051,"90"
0.8861,0.989847715736041,"90"
0.9514,0.99238578680203,"90"
0.9664,0.99492385786802,"90"
0.9671,0.99746192893401,"90"
0.9853,1,"90"
0,0.696113074204947,"180"
0.00719999999999998,0.699646643109541,"180"
0.00750000000000006,0.703180212014134,"180"
0.0125000000000001,0.706713780918728,"180"
0.0127,0.710247349823321,"180"
0.0236000000000001,0.713780918727915,"180"
0.0266000000000001,0.717314487632509,"180"
0.0304,0.720848056537102,"180"
0.0487,0.724381625441696,"180"
0.0491999999999999,0.72791519434629,"180"
0.0572999999999999,0.731448763250883,"180"
0.0622999999999999,0.734982332155477,"180"
0.0672999999999999,0.738515901060071,"180"
0.069,0.742049469964664,"180"
0.0767,0.745583038869258,"180"
0.0816,0.749116607773852,"180"
0.0937,0.752650176678445,"180"
0.0956,0.756183745583039,"180"
0.097,0.759717314487632,"180"
0.1001,0.763250883392226,"180"
0.113,0.76678445229682,"180"
0.1143,0.770318021201413,"180"
0.1149,0.773851590106007,"180"
0.1197,0.777385159010601,"180"
0.1301,0.780918727915194,"180"
0.1424,0.784452296819788,"180"
0.1493,0.787985865724382,"180"
0.1552,0.791519434628975,"180"
0.1652,0.795053003533569,"180"
0.1696,0.798586572438163,"180"
0.1748,0.802120141342756,"180"
0.1851,0.80565371024735,"180"
0.19,0.809187279151943,"180"
0.2,0.812720848056537,"180"
0.2018,0.816254416961131,"180"
0.2317,0.819787985865724,"180"
0.234,0.823321554770318,"180"
0.2356,0.826855123674912,"180"
0.2361,0.830388692579505,"180"
0.2387,0.833922261484099,"180"
0.2415,0.837455830388693,"180"
0.2425,0.840989399293286,"180"
0.2535,0.84452296819788,"180"
0.2597,0.848056537102474,"180"
0.2647,0.851590106007067,"180"
0.2834,0.855123674911661,"180"
0.2842,0.858657243816254,"180"
0.3044,0.862190812720848,"180"
0.3053,0.865724381625442,"180"
0.3191,0.869257950530035,"180"
0.3203,0.872791519434629,"180"
0.3285,0.876325088339223,"180"
0.334,0.879858657243816,"180"
0.3345,0.88339222614841,"180"
0.3422,0.886925795053004,"180"
0.3637,0.890459363957597,"180"
0.3735,0.893992932862191,"180"
0.3793,0.897526501766784,"180"
0.3931,0.901060070671378,"180"
0.4054,0.904593639575972,"180"
0.4095,0.908127208480565,"180"
0.4273,0.911660777385159,"180"
0.4573,0.915194346289753,"180"
0.4577,0.918727915194346,"180"
0.4658,0.92226148409894,"180"
0.4879,0.925795053003533,"180"
0.4952,0.929328621908127,"180"
0.5073,0.932862190812721,"180"
0.5146,0.936395759717314,"180"
0.5208,0.939929328621908,"180"
0.587,0.943462897526502,"180"
0.5897,0.946996466431095,"180"
0.6001,0.950530035335689,"180"
0.661,0.954063604240283,"180"
0.6683,0.957597173144876,"180"
0.6809,0.96113074204947,"180"
0.6957,0.964664310954064,"180"
0.7367,0.968197879858657,"180"
0.7754,0.971731448763251,"180"
0.7785,0.975265017667844,"180"
0.8846,0.978798586572438,"180"
0.9202,0.982332155477032,"180"
0.9405,0.985865724381625,"180"
0.9664,0.989399293286219,"180"
0.9759,0.992932862190813,"180"
0.9886,0.996466431095406,"180"
1,1,"180"
0,0.614864864864865,"365"
0.00439999999999996,0.618243243243243,"365"
0.01,0.621621621621622,"365"
0.0112,0.625,"365"
0.0122,0.628378378378378,"365"
0.013,0.631756756756757,"365"
0.0151,0.635135135135135,"365"
0.019,0.638513513513513,"365"
0.0224,0.641891891891892,"365"
0.0238,0.64527027027027,"365"
0.0248,0.648648648648649,"365"
0.0282,0.652027027027027,"365"
0.0283,0.655405405405405,"365"
0.0285000000000001,0.658783783783784,"365"
0.031,0.662162162162162,"365"
0.0316000000000001,0.665540540540541,"365"
0.0335000000000001,0.668918918918919,"365"
0.0338000000000001,0.672297297297297,"365"
0.0384,0.675675675675676,"365"
0.0401999999999999,0.679054054054054,"365"
0.0418999999999999,0.682432432432432,"365"
0.0458999999999999,0.685810810810811,"365"
0.0460999999999999,0.689189189189189,"365"
0.0488,0.692567567567568,"365"
0.0550999999999999,0.695945945945946,"365"
0.0587,0.699324324324324,"365"
0.0597,0.702702702702703,"365"
0.0713999999999999,0.706081081081081,"365"
0.0747,0.709459459459459,"365"
0.0788,0.712837837837838,"365"
0.0795,0.716216216216216,"365"
0.0817,0.719594594594595,"365"
0.0917,0.722972972972973,"365"
0.0932999999999999,0.726351351351351,"365"
0.1068,0.72972972972973,"365"
0.1146,0.733108108108108,"365"
0.1176,0.736486486486486,"365"
0.1204,0.739864864864865,"365"
0.1301,0.743243243243243,"365"
0.1393,0.746621621621621,"365"
0.1441,0.75,"365"
0.1555,0.753378378378378,"365"
0.1624,0.756756756756757,"365"
0.1669,0.760135135135135,"365"
0.1684,0.763513513513513,"365"
0.17,0.766891891891892,"365"
0.1801,0.77027027027027,"365"
0.1901,0.773648648648648,"365"
0.192,0.777027027027027,"365"
0.2048,0.780405405405405,"365"
0.2083,0.783783783783784,"365"
0.2152,0.787162162162162,"365"
0.2175,0.79054054054054,"365"
0.2219,0.793918918918919,"365"
0.2334,0.797297297297297,"365"
0.2348,0.800675675675676,"365"
0.2566,0.804054054054054,"365"
0.2584,0.807432432432432,"365"
0.2712,0.810810810810811,"365"
0.2763,0.814189189189189,"365"
0.2832,0.817567567567568,"365"
0.2925,0.820945945945946,"365"
0.3002,0.824324324324324,"365"
0.3404,0.827702702702703,"365"
0.3445,0.831081081081081,"365"
0.3595,0.834459459459459,"365"
0.3635,0.837837837837838,"365"
0.3737,0.841216216216216,"365"
0.3954,0.844594594594595,"365"
0.4074,0.847972972972973,"365"
0.4275,0.851351351351351,"365"
0.4305,0.85472972972973,"365"
0.4311,0.858108108108108,"365"
0.4485,0.861486486486486,"365"
0.4575,0.864864864864865,"365"
0.4601,0.868243243243243,"365"
0.4775,0.871621621621621,"365"
0.4914,0.875,"365"
0.5064,0.878378378378378,"365"
0.5126,0.881756756756757,"365"
0.513,0.885135135135135,"365"
0.5242,0.888513513513513,"365"
0.5312,0.891891891891892,"365"
0.5387,0.89527027027027,"365"
0.5631,0.898648648648649,"365"
0.5711,0.902027027027027,"365"
0.5965,0.905405405405405,"365"
0.6105,0.908783783783784,"365"
0.6126,0.912162162162162,"365"
0.6201,0.91554054054054,"365"
0.6293,0.918918918918919,"365"
0.6465,0.922297297297297,"365"
0.6628,0.925675675675676,"365"
0.6649,0.929054054054054,"365"
0.6877,0.932432432432432,"365"
0.69,0.935810810810811,"365"
0.7208,0.939189189189189,"365"
0.724,0.942567567567568,"365"
0.7684,0.945945945945946,"365"
0.7705,0.949324324324324,"365"
0.7709,0.952702702702703,"365"
0.7771,0.956081081081081,"365"
0.8196,0.959459459459459,"365"
0.8202,0.962837837837838,"365"
0.8353,0.966216216216216,"365"
0.8847,0.969594594594595,"365"
0.8855,0.972972972972973,"365"
0.8968,0.976351351351351,"365"
0.903,0.97972972972973,"365"
0.9239,0.983108108108108,"365"
0.9376,0.986486486486487,"365"
0.9378,0.989864864864865,"365"
0.9517,0.993243243243243,"365"
0.9581,0.996621621621622,"365"
0.9613,1,"365"
0,0.65,"730"
0.00150000000000006,0.653125,"730"
0.00260000000000005,0.65625,"730"
0.00309999999999999,0.6625,"730"
0.00460000000000005,0.665625,"730"
0.005,0.66875,"730"
0.0081,0.671875,"730"
0.0114,0.675,"730"
0.0118,0.678125,"730"
0.0158,0.68125,"730"
0.0165000000000001,0.684375,"730"
0.0169,0.6875,"730"
0.0175000000000001,0.690625,"730"
0.0188,0.69375,"730"
0.0192,0.696875,"730"
0.0218,0.7,"730"
0.0232,0.703125,"730"
0.0246000000000001,0.70625,"730"
0.0248,0.709375,"730"
0.0311,0.7125,"730"
0.0318000000000001,0.715625,"730"
0.0348000000000001,0.721875,"730"
0.0351,0.725,"730"
0.0358000000000001,0.728125,"730"
0.0365000000000001,0.73125,"730"
0.0375000000000001,0.734375,"730"
0.0399,0.7375,"730"
0.0420999999999999,0.740625,"730"
0.0436,0.74375,"730"
0.0492999999999999,0.746875,"730"
0.0499999999999999,0.75,"730"
0.0531999999999999,0.753125,"730"
0.0538,0.75625,"730"
0.0553999999999999,0.759375,"730"
0.0559999999999999,0.7625,"730"
0.0569,0.765625,"730"
0.0640999999999999,0.771875,"730"
0.0655,0.775,"730"
0.0681999999999999,0.778125,"730"
0.0689,0.78125,"730"
0.071,0.784375,"730"
0.0721999999999999,0.7875,"730"
0.0732999999999999,0.790625,"730"
0.0907,0.79375,"730"
0.0969,0.796875,"730"
0.101,0.8,"730"
0.1024,0.803125,"730"
0.1042,0.80625,"730"
0.1081,0.809375,"730"
0.1096,0.8125,"730"
0.1112,0.815625,"730"
0.1187,0.81875,"730"
0.1244,0.821875,"730"
0.1256,0.825,"730"
0.1287,0.828125,"730"
0.1308,0.83125,"730"
0.1342,0.834375,"730"
0.1612,0.8375,"730"
0.165,0.840625,"730"
0.1715,0.84375,"730"
0.1727,0.846875,"730"
0.205,0.85,"730"
0.2076,0.853125,"730"
0.2175,0.85625,"730"
0.222,0.859375,"730"
0.2255,0.8625,"730"
0.2259,0.865625,"730"
0.2282,0.86875,"730"
0.2347,0.871875,"730"
0.2419,0.875,"730"
0.252,0.878125,"730"
0.2616,0.88125,"730"
0.2831,0.884375,"730"
0.2903,0.8875,"730"
0.2998,0.890625,"730"
0.3082,0.89375,"730"
0.3281,0.896875,"730"
0.3477,0.9,"730"
0.3858,0.903125,"730"
0.4331,0.90625,"730"
0.4453,0.909375,"730"
0.4516,0.9125,"730"
0.4823,0.915625,"730"
0.4829,0.91875,"730"
0.4903,0.921875,"730"
0.5132,0.925,"730"
0.521,0.928125,"730"
0.5332,0.93125,"730"
0.5501,0.934375,"730"
0.5631,0.9375,"730"
0.565,0.940625,"730"
0.5716,0.94375,"730"
0.6157,0.946875,"730"
0.6374,0.95,"730"
0.6639,0.953125,"730"
0.703,0.95625,"730"
0.7102,0.959375,"730"
0.7192,0.9625,"730"
0.7468,0.965625,"730"
0.7596,0.96875,"730"
0.7885,0.971875,"730"
0.7899,0.975,"730"
0.8092,0.978125,"730"
0.8436,0.98125,"730"
0.8522,0.984375,"730"
0.9072,0.9875,"730"
0.9081,0.990625,"730"
0.9363,0.99375,"730"
0.9593,0.996875,"730"
1,1,"730"
0,0.767313019390582,"1825"
0.000800000000000023,0.770083102493075,"1825"
0.00119999999999998,0.772853185595568,"1825"
0.00190000000000001,0.775623268698061,"1825"
0.00329999999999997,0.778393351800554,"1825"
0.00639999999999996,0.781163434903047,"1825"
0.00680000000000003,0.78393351800554,"1825"
0.00990000000000002,0.786703601108033,"1825"
0.011,0.789473684210526,"1825"
0.0118,0.792243767313019,"1825"
0.0122,0.795013850415512,"1825"
0.0138,0.797783933518006,"1825"
0.0152,0.800554016620499,"1825"
0.0157,0.806094182825485,"1825"
0.0173,0.808864265927978,"1825"
0.0218,0.811634349030471,"1825"
0.0231,0.814404432132964,"1825"
0.0234,0.817174515235457,"1825"
0.027,0.81994459833795,"1825"
0.0276000000000001,0.822714681440443,"1825"
0.0292,0.825484764542936,"1825"
0.0298,0.828254847645429,"1825"
0.0299,0.831024930747922,"1825"
0.0365000000000001,0.833795013850416,"1825"
0.0373,0.836565096952909,"1825"
0.0374,0.839335180055402,"1825"
0.0423999999999999,0.842105263157895,"1825"
0.0596,0.844875346260388,"1825"
0.0631999999999999,0.847645429362881,"1825"
0.0640999999999999,0.850415512465374,"1825"
0.0675,0.853185595567867,"1825"
0.0753999999999999,0.85595567867036,"1825"
0.0771999999999999,0.858725761772853,"1825"
0.0838,0.861495844875346,"1825"
0.0917,0.864265927977839,"1825"
0.0919,0.867036011080332,"1825"
0.0921,0.869806094182826,"1825"
0.0935,0.872576177285319,"1825"
0.1079,0.875346260387812,"1825"
0.127,0.878116343490305,"1825"
0.1364,0.880886426592798,"1825"
0.1401,0.883656509695291,"1825"
0.1449,0.886426592797784,"1825"
0.1684,0.889196675900277,"1825"
0.1867,0.89196675900277,"1825"
0.2022,0.894736842105263,"1825"
0.2073,0.897506925207756,"1825"
0.2078,0.900277008310249,"1825"
0.2201,0.903047091412742,"1825"
0.2314,0.905817174515235,"1825"
0.2369,0.908587257617729,"1825"
0.2535,0.911357340720222,"1825"
0.2994,0.914127423822715,"1825"
0.3036,0.916897506925208,"1825"
0.3341,0.919667590027701,"1825"
0.3355,0.922437673130194,"1825"
0.3462,0.925207756232687,"1825"
0.3629,0.92797783933518,"1825"
0.3815,0.930747922437673,"1825"
0.4094,0.933518005540166,"1825"
0.4252,0.936288088642659,"1825"
0.4433,0.939058171745152,"1825"
0.4537,0.941828254847646,"1825"
0.4591,0.944598337950139,"1825"
0.4661,0.947368421052632,"1825"
0.4662,0.950138504155125,"1825"
0.4861,0.952908587257618,"1825"
0.5012,0.955678670360111,"1825"
0.5334,0.958448753462604,"1825"
0.5396,0.961218836565097,"1825"
0.548,0.96398891966759,"1825"
0.5561,0.966759002770083,"1825"
0.561,0.969529085872576,"1825"
0.5758,0.972299168975069,"1825"
0.6057,0.975069252077562,"1825"
0.6079,0.977839335180055,"1825"
0.647,0.980609418282549,"1825"
0.6781,0.983379501385042,"1825"
0.7813,0.986149584487535,"1825"
0.7968,0.988919667590028,"1825"
0.828,0.991689750692521,"1825"
0.9433,0.994459833795014,"1825"
0.9774,0.997229916897507,"1825"
0.9882,1,"1825"
0,0.845070422535211,"99999"
0.00329999999999997,0.859154929577465,"99999"
0.0123,0.873239436619718,"99999"
0.0239,0.887323943661972,"99999"
0.0305000000000001,0.901408450704225,"99999"
0.0462999999999999,0.915492957746479,"99999"
0.0493999999999999,0.929577464788732,"99999"
0.0861999999999999,0.943661971830986,"99999"
0.2364,0.957746478873239,"99999"
0.4652,0.971830985915493,"99999"
0.572,0.985915492957746,"99999"
0.9998,1,"99999"
